continent,region
Asia,Southern and Central Asia
Asia,Middle East
Asia,Middle East
Asia,Middle East
Asia,Southern and Central Asia
Asia,Middle East
Asia,Southeast Asia
Asia,Southern and Central Asia
Asia,Eastern Asia
Asia,Middle East
Asia,Middle East
Asia,Eastern Asia
Asia,Southeast Asia
Asia,Southern and Central Asia
Asia,Southern and Central Asia
Asia,Middle East
Asia,Middle East
Asia,Middle East
Asia,Eastern Asia
Asia,Southern and Central Asia
Asia,Southern and Central Asia
Asia,Southeast Asia
Asia,Eastern Asia
Asia,Middle East
Asia,Southeast Asia
Asia,Middle East
Asia,Southern and Central Asia
Asia,Eastern Asia
Asia,Southern and Central Asia
Asia,Southeast Asia
Asia,Eastern Asia
Asia,Southeast Asia
Asia,Southern and Central Asia
Asia,Middle East
Asia,Southern and Central Asia
Asia,Southeast Asia
Asia,Eastern Asia
Asia,Middle East
Asia,Middle East
Asia,Middle East
Asia,Southeast Asia
Asia,Middle East
Asia,Southeast Asia
Asia,Southern and Central Asia
Asia,Southern and Central Asia
Asia,Southeast Asia
Asia,Middle East
Asia,Eastern Asia
Asia,Southern and Central Asia
Asia,Southeast Asia
Asia,Middle East
Africa,Central Africa
Africa,Eastern Africa
Africa,Western Africa
Africa,Western Africa
Africa,Southern Africa
Africa,Central Africa
Africa,Western Africa
Africa,Central Africa
Africa,Central Africa
Africa,Central Africa
Africa,Eastern Africa
Africa,Western Africa
Africa,Eastern Africa
Africa,Northern Africa
Africa,Northern Africa
Africa,Eastern Africa
Africa,Northern Africa
Africa,Eastern Africa
Africa,Central Africa
Africa,Western Africa
Africa,Western Africa
Africa,Western Africa
Africa,Western Africa
Africa,Central Africa
Africa,Eastern Africa
Africa,Eastern Africa
Africa,Western Africa
Africa,Northern Africa
Africa,Southern Africa
Africa,Northern Africa
Africa,Eastern Africa
Africa,Western Africa
Africa,Eastern Africa
Africa,Western Africa
Africa,Eastern Africa
Africa,Eastern Africa
Africa,Eastern Africa
Africa,Southern Africa
Africa,Western Africa
Africa,Western Africa
Africa,Eastern Africa
Africa,Eastern Africa
Africa,Northern Africa
Africa,Western Africa
Africa,Western Africa
Africa,Western Africa
Africa,Eastern Africa
Africa,Central Africa
Africa,Southern Africa
Africa,Eastern Africa
Africa,Central Africa
Africa,Western Africa
Africa,Northern Africa
Africa,Eastern Africa
Africa,Eastern Africa
Africa,Southern Africa
Africa,Eastern Africa
Africa,Eastern Africa
